{
  "best_model": "LogisticRegression",
  "metrics": {
    "accuracy": 0.9365431103948428,
    "precision": 0.9849872773536895,
    "recall": 0.9379694693481948,
    "f1": 0.9609035621198957
  },
  "all_model_metrics": {
    "MultinomialNB": {
      "accuracy": 0.8970588235294118,
      "precision": 0.8966652040368582,
      "recall": 0.9903077295856555,
      "f1": 0.9411629245826137
    },
    "LogisticRegression": {
      "accuracy": 0.9365431103948428,
      "precision": 0.9849872773536895,
      "recall": 0.9379694693481948,
      "f1": 0.9609035621198957
    }
  },
  "num_rows": 24816,
  "harmful_ratio": 0.8314393939393939,
  "augmentation_rows": 281,
  "harmful_threshold": 0.7,
  "threshold_metrics": {
    "precision": 0.9960574486060265,
    "recall": 0.8570390113884178,
    "f1": 0.9213336806460015
  },
  "data_paths": [
    "F:\\MLC Datasets\\8\\Hate-Speech Dataset\\labeled_data.csv",
    "F:\\MLC Datasets\\8\\Toxic-Comment dataset\\toxic_comment_classification.csv"
  ]
}